<?xml version="1.0" encoding="UTF-8"?>
<manifest identifier="DanaHospital_SCORM12" version="1.0"
  xmlns="http://www.imsproject.org/xsd/imscp_rootv1p1p2"
  xmlns:adlcp="http://www.adlnet.org/xsd/adlcp_rootv1p2"
  xmlns:xsi="http://www.w3.org/2001/XMLSchema-instance"
  xsi:schemaLocation="
    http://www.imsproject.org/xsd/imscp_rootv1p1p2 imscp_rootv1p1p2.xsd
    http://www.adlnet.org/xsd/adlcp_rootv1p2 adlcp_rootv1p2.xsd">

  <metadata>
    <schema>ADL SCORM</schema>
    <schemaversion>1.2</schemaversion>
  </metadata>

  <organizations default="org1">
    <organization identifier="org1">
      <title>בית החולים דנה – סביבת תרגול</title>
      <item identifier="item1" identifierref="resource1" isvisible="true">
        <title>יחידות תוכן + שאלון</title>
      </item>
    </organization>
  </organizations>

  <resources>
    <resource identifier="resource1" type="webcontent" adlcp:scormtype="sco" href="index.html">
      <file href="index.html"/>
      <file href="SCORM_API_wrapper.js"/>

      <!-- תזכורת לעצמי: אלה קבצי האתר שלי. אם יש עוד (תמונות/קבצים) שמודל לא מוצא – להוסיף גם אותם -->
      <file href="jScripts/javascript.js"/>
      <file href="styles/reset.css"/>
      <file href="styles/styles.css"/>
    </resource>
  </resources>

</manifest>
